{
  "phases": {
    "1A_CCI": {
      "grid": 115,
      "top3": [
        {
          "params": {
            "cciFast": 14,
            "cciMid": 30,
            "cciSlow": 80,
            "slMult": 1.5,
            "tpMult": 2.5,
            "emaTrend": 50,
            "emaTrail": 20
          },
          "stats": {
            "total": 327,
            "wins": 100,
            "losses": 227,
            "wr": 30.58103975535168,
            "totalRet": 16.26682983670979,
            "totalPnl": 40025.1098176596,
            "pf": 1.138259475176084,
            "sharpe": 0.06699950150079807,
            "mdd": 33.34611105112845,
            "avgW": 3295.1781740015645,
            "avgL": 1275.2982712885328,
            "trailCount": 55,
            "balance": 116266.82983670979
          },
          "score": 0.2484356290115088
        },
        {
          "params": {
            "cciFast": 14,
            "cciMid": 35,
            "cciSlow": 80,
            "slMult": 1.5,
            "tpMult": 2.5,
            "emaTrend": 50,
            "emaTrail": 20
          },
          "stats": {
            "total": 327,
            "wins": 100,
            "losses": 227,
            "wr": 30.58103975535168,
            "totalRet": 16.26682983670979,
            "totalPnl": 40025.1098176596,
            "pf": 1.138259475176084,
            "sharpe": 0.06699950150079807,
            "mdd": 33.34611105112845,
            "avgW": 3295.1781740015645,
            "avgL": 1275.2982712885328,
            "trailCount": 55,
            "balance": 116266.82983670979
          },
          "score": 0.2484356290115088
        },
        {
          "params": {
            "cciFast": 20,
            "cciMid": 35,
            "cciSlow": 80,
            "slMult": 1.5,
            "tpMult": 2.5,
            "emaTrend": 50,
            "emaTrail": 20
          },
          "stats": {
            "total": 298,
            "wins": 81,
            "losses": 217,
            "wr": 27.181208053691275,
            "totalRet": 11.689786266465308,
            "totalPnl": 31536.057294666025,
            "pf": 1.123343366418232,
            "sharpe": 0.047826122688662064,
            "mdd": 26.940918503620704,
            "avgW": 3545.839752986476,
            "avgL": 1178.2348511393477,
            "trailCount": 60,
            "balance": 111689.78626646531
          },
          "score": 0.24748247938854806
        }
      ]
    },
    "1B_ATR": {
      "grid": 312,
      "top3": [
        {
          "params": {
            "cciFast": 14,
            "cciMid": 30,
            "cciSlow": 80,
            "slMult": 1.5,
            "tpMult": 3,
            "emaTrend": 50,
            "emaTrail": 30
          },
          "stats": {
            "total": 327,
            "wins": 97,
            "losses": 230,
            "wr": 29.66360856269113,
            "totalRet": 30.488100746233034,
            "totalPnl": 53891.92082942848,
            "pf": 1.1861997227916692,
            "sharpe": 0.08368753653115807,
            "mdd": 37.57821965224239,
            "avgW": 3539.4087236026176,
            "avgL": 1258.394458087067,
            "trailCount": 17,
            "balance": 130488.10074623303
          },
          "score": 0.2785066810569451
        },
        {
          "params": {
            "cciFast": 14,
            "cciMid": 30,
            "cciSlow": 80,
            "slMult": 1.5,
            "tpMult": 2.5,
            "emaTrend": 50,
            "emaTrail": 30
          },
          "stats": {
            "total": 327,
            "wins": 100,
            "losses": 227,
            "wr": 30.58103975535168,
            "totalRet": 25.98238228275438,
            "totalPnl": 49562.89829900542,
            "pf": 1.1712325470612164,
            "sharpe": 0.08169226174417155,
            "mdd": 36.707951619832485,
            "avgW": 3390.1078159940676,
            "avgL": 1275.1008074907547,
            "trailCount": 27,
            "balance": 125982.38228275438
          },
          "score": 0.2688748476576961
        },
        {
          "params": {
            "cciFast": 14,
            "cciMid": 30,
            "cciSlow": 80,
            "slMult": 1.5,
            "tpMult": 3,
            "emaTrend": 70,
            "emaTrail": 30
          },
          "stats": {
            "total": 329,
            "wins": 97,
            "losses": 232,
            "wr": 29.48328267477204,
            "totalRet": 27.126482475194514,
            "totalPnl": 50229.671151451956,
            "pf": 1.1750792454450123,
            "sharpe": 0.08040977081537073,
            "mdd": 38.5287497540219,
            "avgW": 3475.5303882314565,
            "avgL": 1236.624036668101,
            "trailCount": 17,
            "balance": 127126.48247519451
          },
          "score": 0.26530311830826797
        }
      ]
    },
    "1C_EMA": {
      "grid": 35,
      "top3": [
        {
          "params": {
            "cciFast": 14,
            "cciMid": 30,
            "cciSlow": 80,
            "slMult": 1.5,
            "tpMult": 3,
            "emaTrend": 50,
            "emaTrail": 40
          },
          "stats": {
            "total": 327,
            "wins": 97,
            "losses": 230,
            "wr": 29.66360856269113,
            "totalRet": 34.96148236803224,
            "totalPnl": 58462.53167566214,
            "pf": 1.2008951274183906,
            "sharpe": 0.08627809893094962,
            "mdd": 36.922091938043934,
            "avgW": 3602.811690704321,
            "avgL": 1265.2617492289446,
            "trailCount": 8,
            "balance": 134961.48236803224
          },
          "score": 0.2936461711966689
        },
        {
          "params": {
            "cciFast": 14,
            "cciMid": 30,
            "cciSlow": 80,
            "slMult": 1.5,
            "tpMult": 3,
            "emaTrend": 60,
            "emaTrail": 40
          },
          "stats": {
            "total": 328,
            "wins": 97,
            "losses": 231,
            "wr": 29.573170731707314,
            "totalRet": 33.5177684355464,
            "totalPnl": 56888.0823188,
            "pf": 1.1962615092060647,
            "sharpe": 0.08466014221731018,
            "mdd": 36.92209193804389,
            "avgW": 3574.707856418176,
            "avgL": 1254.799046553087,
            "trailCount": 8,
            "balance": 133517.7684355464
          },
          "score": 0.2891594953705101
        },
        {
          "params": {
            "cciFast": 14,
            "cciMid": 30,
            "cciSlow": 80,
            "slMult": 1.5,
            "tpMult": 3,
            "emaTrend": 80,
            "emaTrail": 40
          },
          "stats": {
            "total": 330,
            "wins": 98,
            "losses": 232,
            "wr": 29.6969696969697,
            "totalRet": 33.66856182453921,
            "totalPnl": 57298.82576937818,
            "pf": 1.1956472871396504,
            "sharpe": 0.08390322883551887,
            "mdd": 37.882613250254984,
            "avgW": 3573.1306707149524,
            "avgL": 1262.3619825891697,
            "trailCount": 8,
            "balance": 133668.5618245392
          },
          "score": 0.2865659089886216
        }
      ]
    },
    "2_Fine": {
      "grid": 2250,
      "top10": [
        {
          "params": {
            "cciFast": 14,
            "cciMid": 30,
            "cciSlow": 80,
            "slMult": 1.5,
            "tpMult": 2.75,
            "emaTrend": 50,
            "emaTrail": 40
          },
          "stats": {
            "total": 327,
            "wins": 100,
            "losses": 227,
            "wr": 30.58103975535168,
            "totalRet": 38.92360326969964,
            "totalPnl": 62657.16012372381,
            "pf": 1.2146879775837127,
            "sharpe": 0.08814910299691484,
            "mdd": 36.42455295857416,
            "avgW": 3545.093673545262,
            "avgL": 1285.6925428669717,