{
  "modes_comparison": [
    {
      "mode": "original",
      "stats": {
        "total": 327,
        "wins": 100,
        "losses": 227,
        "wr": 30.58103975535168,
        "totalRet": 38.92360326969964,
        "totalPnl": 62657.16012372381,
        "pf": 1.2146879775837127,
        "sharpe": 0.08814910299691484,
        "mdd": 36.42455295857416,
        "avgW": 3545.093673545262,
        "avgL": 1285.6925428669717,
        "trailCount": 16,
        "slCount": 65,
        "balance": 138923.60326969964
      }
    },
    {
      "mode": "strict",
      "stats": {
        "total": 260,
        "wins": 86,
        "losses": 174,
        "wr": 33.07692307692307,
        "totalRet": 74.18527985313065,
        "totalPnl": 93926.70948426015,
        "pf": 1.3871177428258465,
        "sharpe": 0.10697198962627205,
        "mdd": 32.10182499712264,
        "avgW": 3913.460068865883,
        "avgL": 1394.4302094149755,
        "trailCount": 13,
        "slCount": 53,
        "balance": 174185.27985313066
      }
    },
    {
      "mode": "aligned",
      "stats": {
        "total": 216,
        "wins": 72,
        "losses": 144,
        "wr": 33.33333333333333,
        "totalRet": 108.44788459813661,
        "totalPnl": 126587.43183821838,
        "pf": 1.5390656115233219,
        "sharpe": 0.11577168471604353,
        "mdd": 23.991433667734196,
        "avgW": 5019.651881281906,
        "avgL": 1630.746552875547,
        "trailCount": 10,
        "slCount": 46,
        "balance": 208447.88459813662
      }
    },
    {
      "mode": "ultra",
      "stats": {
        "total": 135,
        "wins": 41,
        "losses": 94,
        "wr": 30.37037037037037,
        "totalRet": 53.223090089866545,
        "totalPnl": 63237.96587603664,
        "pf": 1.4709307979905772,
        "sharpe": 0.10443947930857007,
        "mdd": 27.566265119858148,
        "avgW": 4817.582748278998,
        "avgL": 1428.5417745042805,
        "trailCount": 5,
        "slCount": 34,
        "balance": 153223.09008986654
      }
    }
  ],
  "winnerMode": "ultra",
  "bestParams": {
    "cciFast": 14,
    "cciMid": 30,
    "cciSlow": 80,
    "slMult": 0.75,
    "tpMult": 1.5,
    "emaTrend": 50,
    "emaTrail": 25,
    "cciThreshold": 100
  },
  "bestStats": {
    "total": 31,
    "wins": 9,
    "losses": 22,
    "wr": 29.03225806451613,
    "totalRet": 126.5412320405515,
    "totalPnl": 131482.42625112622,
    "pf": 3.5616757595252104,
    "sharpe": 0.2750776154010441,
    "mdd": 18.81500435696872,
    "avgW": 20312.127873539284,
    "avgL": 2333.032936851242,
    "trailCount": 6,
    "slCount": 18,
    "balance": 226541.2320405515
  },
  "bestScore": 0.5864295324650568,
  "v1_default": {
    "total": 361,
    "wins": 109,
    "losses": 252,
    "wr": 30.193905817174517,
    "totalRet": -16.504653536166707,
    "totalPnl": 2681.960281626713,
    "pf": 1.0111888248478633,
    "sharpe": 0.033925356004992434,
    "mdd": 44.827597417472646,
    "avgW": 2223.6868608412046,
    "avgL": 951.1901093256531,
    "trailCount": 64,
    "slCount": 49,
    "balance": 83495.3464638333
  },
  "v2_highReturn": {
    "total": 327,
    "wins": 100,
    "losses": 227,
    "wr": 30.58103975535168,
    "totalRet": 38.92360326969964,
    "totalPnl": 62657.16012372381,
    "pf": 1.2146879775837127,
    "sharpe": 0.08814910299691484,
    "mdd": 36.42455295857416,
    "avgW": 3545.093673545262,
    "avgL": 1285.6925428669717,
    "trailCount": 16,
    "slCount": 65,
    "balance": 138923.60326969964
  },
  "top10": [
    {
      "params": {
        "cciFast": 14,
        "cciMid": 30,
        "cciSlow": 80,
        "slMult": 0.75,
        "tpMult": 1.5,
        "emaTrend": 50,
        "emaTrail": 25,
        "cciThreshold": 100
      },
      "stats": {
        "total": 31,
        "wins": 9,
        "losses": 22,
        "wr": 29.03225806451613,
        "totalRet": 126.5412320405515,
        "totalPnl": 131482.42625112622,
        "pf": 3.5616757595252104,
        "sharpe": 0.2750776154010441,
        "mdd": 18.81500435696872,
        "avgW": 20312.127873539284,
        "avgL": 2333.032936851242,
        "trailCount": 6,
        "slCount": 18,
        "balance": 226541.2320405515
      },
      "score": 0.5864295324650568
    },
    {
      "params": {
        "cciFast": 14,
        "cciMid": 35,
        "cciSlow": 80,
        "slMult": 0.75,
        "tpMult": 1.5,
        "emaTrend": 50,
        "emaTrail": 25,
        "cciThreshold": 100
      },
      "stats": {
        "total": 31,
        "wins": 9,
        "losses": 22,
        "wr": 29.03225806451613,
        "totalRet": 126.5412320405515,
        "totalPnl": 131482.42625112622,
        "pf": 3.5616757595252104,
        "sharpe": 0.2750776154010441,
        "mdd": 18.81500435696872,
        "avgW": 20312.127873539284,
        "avgL": 2333.032936851242,
        "trailCount": 6,
        "slCount": 18,
        "balance": 226541.2320405515
      },
      "score": 0.5864295324650568
    },
    {
      "params": {
        "cciFast": 14,
        "cciMid": 30,
        "cciSlow": 80,
        "slMult": 0.75,
        "tpMult": 1.5,
        "emaTrend": 50,
        "emaTrail": 30,
        "cciThreshold": 100
      },
      "stats": {
        "total": 31,
        "wins": 9,
        "losses": 22,
        "wr": 29.03225806451613,
        "totalRet": 128.1753375391452,
        "totalPnl": 133094.36273293305,
        "pf": 3.4862930418847293,
        "sharpe": 0.2722741147793847,
        "mdd": 19.059669268532225,
        "avgW": 20736.178671224978,
        "avgL": 2433.2384230950793,
        "trailCount": 5,
        "slCount": 18,
        "balance": 228175.3375391452
      },
      "score": 0.5852750126371175
    },
    {
      "params": {
        "cciFast": 14,
        "cciMid": 35,
        "cciSlow": 80,
        "slMult": 0.75,
        "tpMult": 1.5,
        "emaTrend": 50,
        "emaTrail": 30,
        "cciThreshold": 100
      },
      "stats": {
        "total": 31,
        "wins": 9,
        "losses": 22,
        "wr": 29.03225806451613,
        "totalRet": 128.1753375391452,
        "totalPnl": 133094.36273293305,
        "pf": 3.4862930418847293,
        "sharpe": 0.2722741147793847,
        "mdd": 19.059669268532225,
        "avgW": 20736.178671224978,
        "avgL": 2433.2384230950793,
        "trailCount": 5,
        "slCount": 18,
        "balance": 228175.3375391452
      },
      "score": 0.5852750126371175
    },
    {
      "params": {
        "cciFast": 14,
        "cciMid": 30,
        "cciSlow": 80,
        "slMult": 0.75,
        "tpMult": 1.75,
        "emaTrend": 50,
        "emaTrail": 30,
        "cciThreshold": 100
      },
      "stats": {
        "total": 31,
        "wins": 9,
        "losses": 22,
        "wr": 29.03225806451613,
        "totalRet": 128.27422559691553,
        "totalPnl": 133165.5914953896,
        "pf": 3.5473239680925177,
        "sharpe": 0.2740218163327774,
        "mdd": 19.7314343477659,
        "avgW": 20604.694719888535,
        "avgL": 2376.2118628912367,
        "trailCount": 2,
        "slCount": 21,
        "balance": 228274.22559691552
      },
      "score": 0.5835218726324253
    },
    {
      "params": {
        "cciFast": 14,
        "cciMid": 35,
        "cciSlow": 80,
        "slMult": 0.75,
        "tpMult": 1.75,
        "emaTrend": 50,
        "emaTrail": 30,
        "cciThreshold": 100
      },
      "stats": {
        "total": 31,
        "wins": 9,
        "losses": 22,
        "wr": 29.03225806451613,
        "totalRet": 128.27422559691553,
        "totalPnl": 133165.5914953896,
        "pf": 3.5473239680925177,
        "sharpe": 0.2740218163327774,
        "mdd": 19.7314343477659,
        "avgW": 20604.694719888535,
        "avgL": 2376.2118628912367,
        "trailCount": 2,
        "slCount": 21,
        "balance": 228274.22559691552
      },
      "score": 0.5835218726324253
    },
    {
      "params": {
        "cciFast": 14,
        "cciMid": 30,
        "cciSlow": 80,