{
  "elo": {
    "Atlanta Braves": 1526.0823767443746,
    "Tampa Bay Rays": 1491.5132208193452,
    "Baltimore Orioles": 1505.9281682475644,
    "Pittsburgh Pirates": 1497.2756640590896,
    "Minnesota Twins": 1499.8279273943679,
    "Detroit Tigers": 1487.41624102799,
    "Washington Nationals": 1483.4575808320494,
    "St. Louis Cardinals": 1520.5906054890318,
    "Houston Astros": 1493.7087615526507,
    "Miami Marlins": 1509.88270569233,
    "Chicago Cubs": 1500.3493438281803,
    "Kansas City Royals": 1471.7536704348258,
    "Los Angeles Angels": 1512.5931149883043,
    "Chicago White Sox": 1481.4486430691306,
    "Cincinnati Reds": 1501.141008064245,
    "Milwaukee Brewers": 1504.9688211083692,
    "San Francisco Giants": 1487.6472705490046,
    "Athletics": 1496.9157772534318,
    "Arizona Diamondbacks": 1508.7081485933659,
    "Colorado Rockies": 1497.6104817741236,
    "Seattle Mariners": 1484.3338900554622,
    "New York Yankees": 1515.852792428369,
    "Toronto Blue Jays": 1490.4501051280029,
    "Boston Red Sox": 1483.1461988213462,
    "Philadelphia Phillies": 1496.3730039702,
    "New York Mets": 1489.917607858706,
    "Texas Rangers": 1515.08809369361,
    "Cleveland Guardians": 1513.9908446199352,
    "Los Angeles Dodgers": 1529.7495638653256,
    "San Diego Padres": 1502.278368037268
  },
  "saved_at": "2026-04-10T23:42:09.392910"
}